{"data": [
{	
	"id": "m_left",
	"rect": {"x":0,"y":0,"w":160,"h":600}
},
{	
	"id": "f_left",
	"rect": {"x":320,"y":0,"w":160,"h":600}
},
{
	"id": "g_left",
	"rect": {"x":0,"y":0,"w":160,"h":600}
},
{
	"id": "h_left",
	"rect": {"x":0,"y":0,"w":160,"h":600}
},
{
	"id": "h_left0",
	"rect": {"x":160,"y":0,"w":160,"h":600}
},
{	
	"id": "m_right",
	"rect": {"x":800,"y":0,"w":160,"h":600}
},
{	
	"id": "f_right",
	"rect": {"x":480,"y":0,"w":160,"h":600}
},
{
	"id": "g_right",
	"rect": {"x":800,"y":0,"w":160,"h":600}
},
{
	"id": "h_right",
	"rect": {"x":800,"y":0,"w":160,"h":600}
},
{
	"id": "h_right0",
	"rect": {"x":640,"y":0,"w":160,"h":600}
}],
"src": "mobile_panels.jpg"
}