{"data": [
{
	"id": "symb0",
	"rect": {"x":0,"y":0,"w":136,"h":120}
},
{
	"id": "symb1",
	"rect": {"x":272,"y":0,"w":136,"h":120}
},
{
	"id": "symb2",
	"rect": {"x":408,"y":0,"w":136,"h":120}
},
{
	"id": "symb3",
	"rect": {"x":544,"y":0,"w":136,"h":120}
},
{
	"id": "symb4",
	"rect": {"x":680,"y":0,"w":136,"h":120}
},
{
	"id": "symb5",
	"rect": {"x":0,"y":120,"w":136,"h":120}
},
{
	"id": "symb6",
	"rect": {"x":136,"y":120,"w":136,"h":120}
},
{
	"id": "symb7",
	"rect": {"x":272,"y":120,"w":136,"h":120}
},
{
	"id": "symb8",
	"rect": {"x":408,"y":120,"w":136,"h":120}
},
{
	"id": "symb9",
	"rect": {"x":136,"y":0,"w":136,"h":120}
},
{
	"id": "symb8f",
	"rect": {"x":544,"y":120,"w":136,"h":120}
},
{
	"id": "symb83",
	"rect": {"x":680,"y":120,"w":136,"h":120}
},
{
	"id": "symb83f",
	"rect": {"x":0,"y":240,"w":136,"h":120}
},
{
	"id": "symb85",
	"rect": {"x":136,"y":240,"w":136,"h":120}
},
{
	"id": "symb85f",
	"rect": {"x":272,"y":240,"w":136,"h":120}
},
{
	"id": "winsymb8",
	"rect": {"x":408,"y":240,"w":136,"h":120}
},
{
	"id": "winsymb10",
	"rect": {"x":544,"y":240,"w":126,"h":110}
},
{
	"id": "winsymb11",
	"rect": {"x":670,"y":240,"w":126,"h":110}
}],
"src": "symbols.jpg"
}
