{"data": [

{
	"id": "g_diamond",
	"rect": {"x":0,"y":0,"w":72,"h":76}
},
{
	"id": "g_spade",
	"rect": {"x":72,"y":0,"w":72,"h":76}
},
{
	"id": "g_clubs",
	"rect": {"x":144,"y":0,"w":72,"h":76}
},
{
	"id": "g_hart",
	"rect": {"x":0,"y":76,"w":72,"h":76}
},
{
	"id": "g_queen",
	"rect": {"x":72,"y":76,"w":98,"h":106}
},
{
	"id": "g_king",
	"rect": {"x":0,"y":182,"w":98,"h":106}
},
{
	"id": "g_jake",
	"rect": {"x":98,"y":182,"w":98,"h":106}
},
{
	"id": "g_redbtn",
	"rect": {"x":0,"y":288,"w":184,"h":184}
},
{
	"id": "g_blackbtn",
	"rect": {"x":0,"y":472,"w":184,"h":184}
},
{
	"id": "g_clubbtn",
	"rect": {"x":0,"y":656,"w":91,"h":192}
},
{
	"id": "g_diamondbtn",
	"rect": {"x":91,"y":656,"w":91,"h":192}
},
{
	"id": "g_hartbtn",
	"rect": {"x":0,"y":848,"w":91,"h":192}
},
{
	"id": "g_spadebtn",
	"rect": {"x":91,"y":848,"w":91,"h":192}
},
{
	"id": "g_suit",
	"rect": {"x":182,"y":848,"w":45,"h":225}
}],
"src": "gamble.png"
}
