{"data": [
{
	"id": "btn_a",
	"rect": {"x":0,"y":0,"w":200,"h":960}
},
{
	"id": "btn_l",
	"rect": {"x":200,"y":0,"w":200,"h":640}
},
{
	"id": "btn_f",
	"rect": {"x":400,"y":0,"w":200,"h":640}
},
{
	"id": "btn_mu",
	"rect": {"x":600,"y":0,"w":200,"h":640}
},
{
	"id": "btn_g",
	"rect": {"x":800,"y":0,"w":200,"h":640}
},
{
	"id": "btn_t",
	"rect": {"x":1000,"y":0,"w":200,"h":640}
},
{
	"id": "el",
	"rect": {"x":1200,"y":0,"w":200,"h":320}
},
{
	"id": "ka",
	"rect": {"x":1400,"y":0,"w":200,"h":320}
},
{
	"id": "btn_p",
	"rect": {"x":1600,"y":0,"w":200,"h":320}
},
{
	"id": "hr",
	"rect": {"x":1800,"y":0,"w":200,"h":320}
},
{
	"id": "et",
	"rect": {"x":1200,"y":320,"w":200,"h":320}
},
{
	"id": "cs",
	"rect": {"x":1400,"y":320,"w":200,"h":320}
},
{
	"id": "cl",
	"rect": {"x":1600,"y":320,"w":200,"h":320}
},
{
	"id": "it",
	"rect": {"x":1800,"y":320,"w":200,"h":320}
},
{
	"id": "co",
	"rect": {"x":200,"y":640,"w":200,"h":320}
},
{
	"id": "br",
	"rect": {"x":400,"y":640,"w":200,"h":320}
},
{
	"id": "at",
	"rect": {"x": 600,"y":640,"w":200,"h":320}
},
{
	"id": "bg",
	"rect": {"x":800,"y":640,"w":200,"h":320}
},
{
	"id": "es",
	"rect": {"x":1000,"y":640,"w":200,"h":320}
},
{
	"id": "en",
	"rect": {"x":1200,"y":640,"w":200,"h":320}
},
{
	"id": "btn_gr",
	"rect": {"x":1400,"y":640,"w":200,"h":320}
},
{
	"id": "de",
	"rect": {"x":1600,"y":640,"w":200,"h":320}
},
{
	"id": "sv",
	"rect": {"x":1800,"y":640,"w":200,"h":320}
},
{
	"id": "hu",
	"rect": {"x":0,"y":960,"w":200,"h":320}
},
{
	"id": "us",
	"rect": {"x":200,"y":960,"w":200,"h":320}
},
{
	"id": "btn_h",
	"rect": {"x":400,"y":960,"w":200,"h":320}
},
{
	"id": "tr",
	"rect": {"x":600,"y":960,"w":200,"h":320}
},
{
	"id": "mx",
	"rect": {"x":800,"y":960,"w":200,"h":320}
},
{
	"id": "ve",
	"rect": {"x":1000,"y":960,"w":200,"h":320}
},
{
	"id": "btn_st",
	"rect": {"x":1200,"y":960,"w":200,"h":320}
},
{
	"id": "ru",
	"rect": {"x":1400,"y":960,"w":200,"h":320}
},
{
	"id": "ro",
	"rect": {"x":1600,"y":960,"w":200,"h":320}
},
{
	"id": "fr",
	"rect": {"x":1400,"y":1280,"w":200,"h":320}
},
{
	"id": "pt",
	"rect": {"x":1600,"y":1280,"w":200,"h":320}
},
{
	"id": "btn_sp",
	"rect": {"x":0,"y":1280,"w":150,"h":300}
},
{
	"id": "btn_ast",
	"rect": {"x":150,"y":1280,"w":120,"h":240}
},
{
	"id": "btn_astl",
	"rect": {"x":270,"y":1280,"w":120,"h":240}
},
{
	"id": "btn_e",
	"rect": {"x":450,"y":1280,"w":120,"h":240}
},
{
	"id": "btn_m",
	"rect": {"x":570,"y":1280,"w":120,"h":240}
},
{
	"id": "btn_re",
	"rect": {"x":690,"y":1280,"w":120,"h":240}
},
{
	"id": "btn_pr",
	"rect": {"x":810,"y":1280,"w":120,"h":240}
},
{
	"id": "btn_ne",
	"rect": {"x":930,"y":1280,"w":120,"h":240}
},
{
	"id": "btn_co",
	"rect": {"x":1050,"y":1280,"w":120,"h":240}
},
{
	"id": "btn_ha",
	"rect": {"x":1170,"y":1280,"w":120,"h":240}
},
{
	"id": "btn_c",
	"rect": {"x":450,"y":1520,"w":80,"h":80}
},
{
	"id": "btn_se",
	"rect": {"x":530,"y":1520,"w":80,"h":80}
},
{
	"id": "btn_as",
	"rect": {"x":610,"y":1520,"w":80,"h":80}
},
{
	"id": "btn_i",
	"rect": {"x":690,"y":1520,"w":80,"h":80}
},
{
	"id": "btn_b",
	"rect": {"x":770,"y":1520,"w":80,"h":80}
},
{
	"id": "icon_fb",
	"rect": {"x":850,"y":1520,"w":20,"h":40}
},
{
	"id": "pctablet",
	"rect": {"x":870,"y":1520,"w":160,"h":25}
},
{
	"id": "smartphone",
	"rect": {"x":870,"y":1545,"w":160,"h":25}
},
{
	"id": "icon_l",
	"rect": {"x":1030,"y":1522,"w":360,"h":12}
},
{
	"id": "icon_m",
	"rect": {"x":1030,"y":1535,"w":15,"h":12}
},
{
	"id": "icon_a",
	"rect": {"x":1045,"y":1535,"w":45,"h":12}
},
{
	"id": "icon_t",
	"rect": {"x":1090,"y":1535,"w":15,"h":12}
},
{
	"id": "icon_as",
	"rect": {"x":1105,"y":1535,"w":15,"h":12}
},
{
	"id": "icon_g",
	"rect": {"x":1120,"y":1535,"w":15,"h":12}
},
{
	"id": "icon_f",
	"rect": {"x":1135,"y":1535,"w":15,"h":12}
}],
"src": "gui_mobile_v29.png"
}