{"data": [
{
	"id": "effect",
	"rect": {"x":0,"y":0,"w":50,"h":380}
},
{
	"id": "btn_a",
	"rect": {"x":50,"y":0,"w":50,"h":300}
},
{
	"id": "btn_mu",
	"rect": {"x":100,"y":0,"w":50,"h":200}
},
{
	"id": "btn_f",
	"rect": {"x":150,"y":0,"w":50,"h":200}
},
{
	"id": "btn_t",
	"rect": {"x":200,"y":0,"w":50,"h":200}
},
{
	"id": "btn",
	"rect": {"x":250,"y":0,"w":110,"h":106}
},
{
	"id": "btn_s",
	"rect": {"x":360,"y":0,"w":73,"h":106}
},
{
	"id": "mx",
	"rect": {"x":433,"y":0,"w":50,"h":100}
},
{
	"id": "btn_n",
	"rect": {"x":483,"y":0,"w":50,"h":100}
},
{
	"id": "hu",
	"rect": {"x":533,"y":0,"w":50,"h":100}
},
{
	"id": "fr",
	"rect": {"x":583,"y":0,"w":50,"h":100}
},
{
	"id": "ve",
	"rect": {"x":633,"y":0,"w":50,"h":100}
},
{
	"id": "hr",
	"rect": {"x":683,"y":0,"w":50,"h":100}
},
{
	"id": "ru",
	"rect": {"x":250,"y":106,"w":50,"h":100}
},
{
	"id": "cs",
	"rect": {"x":300,"y":106,"w":50,"h":100}
},
{
	"id": "co",
	"rect": {"x":350,"y":106,"w":50,"h":100}
},
{
	"id": "de",
	"rect": {"x":400,"y":106,"w":50,"h":100}
},
{
	"id": "cl",
	"rect": {"x":450,"y":106,"w":50,"h":100}
},
{
	"id": "btn_p",
	"rect": {"x":500,"y":106,"w":50,"h":100}
},
{
	"id": "at",
	"rect": {"x":550,"y":106,"w":50,"h":100}
},
{
	"id": "br",
	"rect": {"x":600,"y":106,"w":50,"h":100}
},
{
	"id": "ro",
	"rect": {"x":650,"y":106,"w":50,"h":100}
},
{
	"id": "it",
	"rect": {"x":700,"y":106,"w":50,"h":100}
},
{
	"id": "btn_gr",
	"rect": {"x":100,"y":200,"w":50,"h":100}
},
{
	"id": "en",
	"rect": {"x":150,"y":200,"w":50,"h":100}
},
{
	"id": "et",
	"rect": {"x":200,"y":200,"w":50,"h":100}
},
{
	"id": "btn_h",
	"rect": {"x":250,"y":206,"w":50,"h":100}
},
{
	"id": "us",
	"rect": {"x":300,"y":206,"w":50,"h":100}
},
{
	"id": "btn_st",
	"rect": {"x":350,"y":206,"w":50,"h":100}
},
{
	"id": "tr",
	"rect": {"x":400,"y":206,"w":50,"h":100}
},
{
	"id": "bg",
	"rect": {"x":450,"y":206,"w":50,"h":100}
},
{
	"id": "el",
	"rect": {"x":500,"y":206,"w":50,"h":100}
},
{
	"id": "ka",
	"rect": {"x":550,"y":206,"w":50,"h":100}
},
{
	"id": "es",
	"rect": {"x":600,"y":206,"w":50,"h":100}
},
{
	"id": "pt",
	"rect": {"x":650,"y":206,"w":50,"h":100}
},
{
	"id": "sv",
	"rect": {"x":700,"y":206,"w":50,"h":100}
},
{
	"id": "display_effect",
	"rect": {"x":50,"y":306,"w":146,"h":42}
},
{
	"id": "icon_fb",
	"rect": {"x":196,"y":306,"w":20,"h":40}
},
{
	"id": "pctablet",
	"rect": {"x":216,"y":306,"w":160,"h":25}
},
{
	"id": "smartphone",
	"rect": {"x":376,"y":306,"w":160,"h":25}
},
{
	"id": "icon_m",
	"rect": {"x":50,"y":350,"w":15,"h":12}
},
{
	"id": "icon_a",
	"rect": {"x":65,"y":350,"w":45,"h":12}
},
{
	"id": "icon_g",
	"rect": {"x":110,"y":350,"w":15,"h":12}
},
{
	"id": "icon_as",
	"rect": {"x":125,"y":350,"w":15,"h":12}
},
{
	"id": "icon_t",
	"rect": {"x":140,"y":350,"w":15,"h":12}
},
{
	"id": "icon_f",
	"rect": {"x":155,"y":350,"w":15,"h":12}
},
{
	"id": "icon_l",
	"rect": {"x":170,"y":350,"w":360,"h":12}
}],
"src": "gui_desktop_v27.png"
}
