{

"images": [
    "/games/Africa/source/RES/10.png"
],

"framerate": 15,
"frames": [
    [1, 1, 100, 100, 0, 0, 0],
    [103, 1, 100, 100, 0, 0, 0],
    [205, 1, 100, 100, 0, 0, 0],
    [307, 1, 100, 100, 0, 0, 0],
    [409, 1, 100, 100, 0, 0, 0],
    [511, 1, 100, 100, 0, 0, 0],
    [613, 1, 100, 100, 0, 0, 0],
    [715, 1, 100, 100, 0, 0, 0],
    [817, 1, 100, 100, 0, 0, 0],
    [919, 1, 100, 100, 0, 0, 0],
    [1021, 1, 100, 100, 0, 0, 0],
    [1123, 1, 100, 100, 0, 0, 0],
    [1225, 1, 100, 100, 0, 0, 0],
    [1327, 1, 100, 100, 0, 0, 0],
    [1429, 1, 100, 100, 0, 0, 0],
    [1531, 1, 100, 100, 0, 0, 0],
    [1633, 1, 100, 100, 0, 0, 0]
],

"animations": {
    "10_A": { "frames": [0] },
    "10_B": { "frames": [1] },
    "10_C": { "frames": [2] },
    "10_D": { "frames": [3] },
    "10_E": { "frames": [4] },
    "10_F": { "frames": [5] },
    "10_G": { "frames": [6] },
    "10_H": { "frames": [7] },
    "10_I": { "frames": [8] },
    "10_J": { "frames": [9] },
    "10_K": { "frames": [10] },
    "10_L": { "frames": [11] },
    "10_M": { "frames": [12] },
    "10_N": { "frames": [13] },
    "10_O": { "frames": [14] },
    "10_P": { "frames": [15] },
    "10_Q": { "frames": [16] }
},

"texturepacker": [
        "SmartUpdateHash: $TexturePacker:SmartUpdate:3eec27e246e9d198d558a456e31df37d:3091b41de1e99d484a508c6c8018803e:e2c9be1b49d03cc38aafeff96da146a7$",
        "Created with TexturePacker (https://www.codeandweb.com/texturepacker) for EaselJS"
]

}
