{

"images": [
    "/games/Africa/source/RES/9.png"
],

"framerate": 15,
"frames": [
    [1, 1, 100, 100, 0, 0, 0],
    [103, 1, 100, 100, 0, 0, 0],
    [205, 1, 100, 100, 0, 0, 0],
    [307, 1, 100, 100, 0, 0, 0],
    [409, 1, 100, 100, 0, 0, 0],
    [511, 1, 100, 100, 0, 0, 0],
    [613, 1, 100, 100, 0, 0, 0],
    [715, 1, 100, 100, 0, 0, 0],
    [817, 1, 100, 100, 0, 0, 0],
    [919, 1, 100, 100, 0, 0, 0],
    [1021, 1, 100, 100, 0, 0, 0],
    [1123, 1, 100, 100, 0, 0, 0],
    [1225, 1, 100, 100, 0, 0, 0],
    [1327, 1, 100, 100, 0, 0, 0],
    [1429, 1, 100, 100, 0, 0, 0],
    [1531, 1, 100, 100, 0, 0, 0]
],

"animations": {
    "9_A": { "frames": [0] },
    "9_B": { "frames": [1] },
    "9_C": { "frames": [2] },
    "9_D": { "frames": [3] },
    "9_E": { "frames": [4] },
    "9_F": { "frames": [5] },
    "9_G": { "frames": [6] },
    "9_H": { "frames": [7] },
    "9_I": { "frames": [8] },
    "9_J": { "frames": [9] },
    "9_K": { "frames": [10] },
    "9_L": { "frames": [11] },
    "9_M": { "frames": [12] },
    "9_N": { "frames": [13] },
    "9_O": { "frames": [14] },
    "9_P": { "frames": [15] }
},

"texturepacker": [
        "SmartUpdateHash: $TexturePacker:SmartUpdate:c0af97469718326f52ee036d7162f9ce:103679c47efab5ece626e7ee567f0f5f:005cfeeecdb881bde464c140babce266$",
        "Created with TexturePacker (https://www.codeandweb.com/texturepacker) for EaselJS"
]

}
