{

"images": [
    "/games/Africa/source/RES/A.png"
],

"framerate": 15,
"frames": [
    [1, 1, 100, 100, 0, 0, 0],
    [103, 1, 100, 100, 0, 0, 0],
    [205, 1, 100, 100, 0, 0, 0],
    [307, 1, 100, 100, 0, 0, 0],
    [409, 1, 100, 100, 0, 0, 0],
    [511, 1, 100, 100, 0, 0, 0],
    [613, 1, 100, 100, 0, 0, 0],
    [715, 1, 100, 100, 0, 0, 0],
    [817, 1, 100, 100, 0, 0, 0],
    [919, 1, 100, 100, 0, 0, 0],
    [1021, 1, 100, 100, 0, 0, 0],
    [1123, 1, 100, 100, 0, 0, 0],
    [1225, 1, 100, 100, 0, 0, 0],
    [1327, 1, 100, 100, 0, 0, 0],
    [1429, 1, 100, 100, 0, 0, 0],
    [1531, 1, 100, 100, 0, 0, 0],
    [1633, 1, 100, 100, 0, 0, 0]
],

"animations": {
    "A_A": { "frames": [0] },
    "A_B": { "frames": [1] },
    "A_C": { "frames": [2] },
    "A_D": { "frames": [3] },
    "A_E": { "frames": [4] },
    "A_F": { "frames": [5] },
    "A_G": { "frames": [6] },
    "A_H": { "frames": [7] },
    "A_I": { "frames": [8] },
    "A_J": { "frames": [9] },
    "A_K": { "frames": [10] },
    "A_L": { "frames": [11] },
    "A_M": { "frames": [12] },
    "A_N": { "frames": [13] },
    "A_O": { "frames": [14] },
    "A_P": { "frames": [15] },
    "A_Q": { "frames": [16] }
},

"texturepacker": [
        "SmartUpdateHash: $TexturePacker:SmartUpdate:c37878deb7367c52680b013030d70add:39c81afc7834f2960ae045a81cd2185f:827bba03cd6f3f6e712bfb050e648279$",
        "Created with TexturePacker (https://www.codeandweb.com/texturepacker) for EaselJS"
]

}
