{

"images": [
    "/games/Africa/source/RES/K.png"
],

"framerate": 15,
"frames": [
    [1, 1, 100, 100, 0, 0, 0],
    [103, 1, 100, 100, 0, 0, 0],
    [205, 1, 100, 100, 0, 0, 0],
    [307, 1, 100, 100, 0, 0, 0],
    [409, 1, 100, 100, 0, 0, 0],
    [511, 1, 100, 100, 0, 0, 0],
    [613, 1, 100, 100, 0, 0, 0],
    [715, 1, 100, 100, 0, 0, 0],
    [817, 1, 100, 100, 0, 0, 0],
    [919, 1, 100, 100, 0, 0, 0],
    [1021, 1, 100, 100, 0, 0, 0],
    [1123, 1, 100, 100, 0, 0, 0],
    [1225, 1, 100, 100, 0, 0, 0],
    [1327, 1, 100, 100, 0, 0, 0],
    [1429, 1, 100, 100, 0, 0, 0],
    [1531, 1, 100, 100, 0, 0, 0],
    [1633, 1, 100, 100, 0, 0, 0]
],

"animations": {
    "K_A": { "frames": [0] },
    "K_B": { "frames": [1] },
    "K_C": { "frames": [2] },
    "K_D": { "frames": [3] },
    "K_E": { "frames": [4] },
    "K_F": { "frames": [5] },
    "K_G": { "frames": [6] },
    "K_H": { "frames": [7] },
    "K_I": { "frames": [8] },
    "K_J": { "frames": [9] },
    "K_K": { "frames": [10] },
    "K_L": { "frames": [11] },
    "K_M": { "frames": [12] },
    "K_N": { "frames": [13] },
    "K_O": { "frames": [14] },
    "K_P": { "frames": [15] },
    "K_Q": { "frames": [16] }
},

"texturepacker": [
        "SmartUpdateHash: $TexturePacker:SmartUpdate:e63496d24182f4dc89935416438a3d5c:0e946df0c042b709b16cfc4bb092c6b4:ca759da1210de30ef834f48b6cdf6226$",
        "Created with TexturePacker (https://www.codeandweb.com/texturepacker) for EaselJS"
]

}
