{

"images": [
    "/games/Africa/source/RES/LINES.png"
],

"framerate": 0,
"frames": [
    [1, 1, 600, 250, 0, 0, 0],
    [1, 253, 600, 162, 0, 0, 0],
    [603, 1, 599, 248, 0, 0, 0],
    [603, 251, 599, 161, 0, 0, 0],
    [1204, 1, 600, 6, 0, 0, 0],
    [1806, 1, 100, 100, 0, 0, 0],
    [1204, 9, 600, 6, 0, 0, 0],
    [1204, 17, 600, 6, 0, 0, 0],
    [1204, 25, 599, 145, 0, 0, 0],
    [1805, 103, 100, 100, 0, 0, 0],
    [1204, 172, 599, 144, 0, 0, 0],
    [1204, 318, 100, 100, 0, 0, 0],
    [1306, 318, 100, 100, 0, 0, 0],
    [1408, 318, 100, 100, 0, 0, 0],
    [1510, 318, 100, 100, 0, 0, 0],
    [1612, 318, 100, 100, 0, 0, 0],
    [1714, 318, 100, 100, 0, 0, 0],
    [1805, 205, 100, 100, 0, 0, 0],
    [1816, 307, 27, 21, 0, 0, 0],
    [1816, 307, 27, 21, 0, 0, 0],
    [1845, 307, 27, 21, 0, 0, 0],
    [1845, 307, 27, 21, 0, 0, 0],
    [1874, 307, 27, 21, 0, 0, 0],
    [1874, 307, 27, 21, 0, 0, 0],
    [1816, 330, 27, 21, 0, 0, 0],
    [1816, 330, 27, 21, 0, 0, 0],
    [1845, 330, 27, 21, 0, 0, 0],
    [1845, 330, 27, 21, 0, 0, 0],
    [1874, 330, 27, 21, 0, 0, 0],
    [1874, 330, 27, 21, 0, 0, 0],
    [1816, 353, 27, 21, 0, 0, 0],
    [1816, 353, 27, 21, 0, 0, 0],
    [1816, 376, 27, 21, 0, 0, 0],
    [1816, 376, 27, 21, 0, 0, 0],
    [1845, 353, 27, 21, 0, 0, 0],
    [1845, 353, 27, 21, 0, 0, 0]
],

"animations": {
    "5_LINE": { "frames": [0] },
    "6_LINE": { "frames": [1] },
    "4_LINE": { "frames": [2] },
    "7_LINE": { "frames": [3] },
    "1_LINE": { "frames": [4] },
    "1_A": { "frames": [5] },
    "2_LINE": { "frames": [6] },
    "3_LINE": { "frames": [7] },
    "8_LINE": { "frames": [8] },
    "2_A": { "frames": [9] },
    "9_LINE": { "frames": [10] },
    "3_A": { "frames": [11] },
    "4_A": { "frames": [12] },
    "5_A": { "frames": [13] },
    "6_A": { "frames": [14] },
    "7_A": { "frames": [15] },
    "8_A": { "frames": [16] },
    "9_A": { "frames": [17] },
    "1_B": { "frames": [18] },
    "1_C": { "frames": [19] },
    "2_B": { "frames": [20] },
    "2_C": { "frames": [21] },
    "3_B": { "frames": [22] },
    "3_C": { "frames": [23] },
    "4_B": { "frames": [24] },
    "4_C": { "frames": [25] },
    "5_B": { "frames": [26] },
    "5_C": { "frames": [27] },
    "6_B": { "frames": [28] },
    "6_C": { "frames": [29] },
    "7_B": { "frames": [30] },
    "7_C": { "frames": [31] },
    "8_B": { "frames": [32] },
    "8_C": { "frames": [33] },
    "9_B": { "frames": [34] },
    "9_C": { "frames": [35] }
},

"texturepacker": [
        "SmartUpdateHash: $TexturePacker:SmartUpdate:813e52c0638fc88161e84f47a16ddce6:9f09c2b02a9609a0f34f6bdbf8799d4f:ff60e7ce346ceaf85880a4da344e8e2d$",
        "Created with TexturePacker (https://www.codeandweb.com/texturepacker) for EaselJS"
]

}
