{

"images": [
    "/games/Africa/source/RES/P_1.png"
],

"framerate": 20,
"frames": [
    [1, 1, 100, 100, 0, 0, 0],
    [1, 103, 100, 100, 0, 0, 0],
    [1, 205, 100, 100, 0, 0, 0],
    [1, 307, 100, 100, 0, 0, 0],
    [1, 409, 100, 100, 0, 0, 0],
    [103, 1, 100, 100, 0, 0, 0],
    [103, 103, 100, 100, 0, 0, 0],
    [103, 205, 100, 100, 0, 0, 0],
    [103, 307, 100, 100, 0, 0, 0],
    [103, 409, 100, 100, 0, 0, 0],
    [205, 1, 100, 100, 0, 0, 0],
    [205, 103, 100, 100, 0, 0, 0],
    [205, 205, 100, 100, 0, 0, 0],
    [205, 307, 100, 100, 0, 0, 0],
    [205, 409, 100, 100, 0, 0, 0],
    [307, 1, 100, 100, 0, 0, 0],
    [307, 103, 100, 100, 0, 0, 0],
    [307, 205, 100, 100, 0, 0, 0],
    [307, 307, 100, 100, 0, 0, 0],
    [307, 409, 100, 100, 0, 0, 0],
    [409, 1, 100, 100, 0, 0, 0],
    [409, 103, 100, 100, 0, 0, 0],
    [409, 205, 100, 100, 0, 0, 0],
    [409, 307, 100, 100, 0, 0, 0],
    [409, 409, 100, 100, 0, 0, 0],
    [511, 1, 100, 100, 0, 0, 0],
    [511, 103, 100, 100, 0, 0, 0],
    [511, 205, 100, 100, 0, 0, 0],
    [511, 307, 100, 100, 0, 0, 0],
    [511, 409, 100, 100, 0, 0, 0],
    [613, 1, 100, 100, 0, 0, 0],
    [613, 103, 100, 100, 0, 0, 0],
    [613, 205, 100, 100, 0, 0, 0],
    [613, 307, 100, 100, 0, 0, 0],
    [613, 409, 100, 100, 0, 0, 0],
    [715, 1, 100, 100, 0, 0, 0],
    [715, 103, 100, 100, 0, 0, 0],
    [715, 205, 100, 100, 0, 0, 0],
    [715, 307, 100, 100, 0, 0, 0],
    [715, 409, 100, 100, 0, 0, 0],
    [817, 1, 100, 100, 0, 0, 0],
    [817, 103, 100, 100, 0, 0, 0],
    [817, 205, 100, 100, 0, 0, 0],
    [817, 307, 100, 100, 0, 0, 0],
    [817, 409, 100, 100, 0, 0, 0],
    [919, 1, 100, 100, 0, 0, 0],
    [919, 103, 100, 100, 0, 0, 0],
    [919, 205, 100, 100, 0, 0, 0],
    [919, 307, 100, 100, 0, 0, 0],
    [919, 409, 100, 100, 0, 0, 0],
    [1021, 1, 100, 100, 0, 0, 0],
    [1021, 103, 100, 100, 0, 0, 0],
    [1021, 205, 100, 100, 0, 0, 0],
    [1021, 307, 100, 100, 0, 0, 0],
    [1021, 409, 100, 100, 0, 0, 0],
    [1123, 1, 100, 100, 0, 0, 0],
    [1123, 103, 100, 100, 0, 0, 0],
    [1123, 205, 100, 100, 0, 0, 0],
    [1123, 307, 100, 100, 0, 0, 0],
    [1123, 409, 100, 100, 0, 0, 0],
    [1225, 1, 100, 100, 0, 0, 0],
    [1225, 103, 100, 100, 0, 0, 0],
    [1225, 205, 100, 100, 0, 0, 0],
    [1225, 307, 100, 100, 0, 0, 0],
    [1225, 409, 100, 100, 0, 0, 0],
    [1327, 1, 100, 100, 0, 0, 0],
    [1327, 103, 100, 100, 0, 0, 0],
    [1327, 205, 100, 100, 0, 0, 0]
],

"animations": {
    "P_1_A": { "frames": [0] },
    "P_1_B": { "frames": [1] },
    "P_1_C": { "frames": [2] },
    "P_1_D": { "frames": [3] },
    "P_1_E": { "frames": [4] },
    "P_1_F": { "frames": [5] },
    "P_1_G": { "frames": [6] },
    "P_1_H": { "frames": [7] },
    "P_1_I": { "frames": [8] },
    "P_1_J": { "frames": [9] },
    "P_1_K": { "frames": [10] },
    "P_1_L": { "frames": [11] },
    "P_1_M": { "frames": [12] },
    "P_1_N": { "frames": [13] },
    "P_1_O": { "frames": [14] },
    "P_1_P": { "frames": [15] },
    "P_1_Q": { "frames": [16] },
    "P_1_R": { "frames": [17] },
    "P_1_S": { "frames": [18] },
    "P_1_T": { "frames": [19] },
    "P_1_U": { "frames": [20] },
    "P_1_V": { "frames": [21] },
    "P_1_W": { "frames": [22] },
    "P_1_X": { "frames": [23] },
    "P_1_Y": { "frames": [24] },
    "P_1_Z": { "frames": [25] },
    "P_1_Z_A": { "frames": [26] },
    "P_1_Z_B": { "frames": [27] },
    "P_1_Z_C": { "frames": [28] },
    "P_1_Z_D": { "frames": [29] },
    "P_1_Z_E": { "frames": [30] },
    "P_1_Z_F": { "frames": [31] },
    "P_1_Z_G": { "frames": [32] },
    "P_1_Z_H": { "frames": [33] },
    "P_1_Z_I": { "frames": [34] },
    "P_1_Z_J": { "frames": [35] },
    "P_1_Z_K": { "frames": [36] },
    "P_1_Z_L": { "frames": [37] },
    "P_1_Z_M": { "frames": [38] },
    "P_1_Z_N": { "frames": [39] },
    "P_1_Z_O": { "frames": [40] },
    "P_1_Z_P": { "frames": [41] },
    "P_1_Z_Q": { "frames": [42] },
    "P_1_Z_R": { "frames": [43] },
    "P_1_Z_S": { "frames": [44] },
    "P_1_Z_T": { "frames": [45] },
    "P_1_Z_U": { "frames": [46] },
    "P_1_Z_V": { "frames": [47] },
    "P_1_Z_W": { "frames": [48] },
    "P_1_Z_X": { "frames": [49] },
    "P_1_Z_Y": { "frames": [50] },
    "P_1_Z_Z": { "frames": [51] },
    "P_1_Z_Z_A": { "frames": [52] },
    "P_1_Z_Z_B": { "frames": [53] },
    "P_1_Z_Z_C": { "frames": [54] },
    "P_1_Z_Z_D": { "frames": [55] },
    "P_1_Z_Z_E": { "frames": [56] },
    "P_1_Z_Z_F": { "frames": [57] },
    "P_1_Z_Z_G": { "frames": [58] },
    "P_1_Z_Z_H": { "frames": [59] },
    "P_1_Z_Z_I": { "frames": [60] },
    "P_1_Z_Z_J": { "frames": [61] },
    "P_1_Z_Z_K": { "frames": [62] },
    "P_1_Z_Z_L": { "frames": [63] },
    "P_1_Z_Z_M": { "frames": [64] },
    "P_1_Z_Z_N": { "frames": [65] },
    "P_1_Z_Z_O": { "frames": [66] },
    "P_1_Z_Z_P": { "frames": [67] }
},

"texturepacker": [
        "SmartUpdateHash: $TexturePacker:SmartUpdate:ca3d8f870351d2165e07bb11140d1440:f317aa78f9d3414bbfa5f8bef39825cd:efc1861a7d39cbad229d9cbb8d943c2f$",
        "Created with TexturePacker (https://www.codeandweb.com/texturepacker) for EaselJS"
]

}
