{

"images": [
    "/games/Africa/source/RES/P_2.png"
],

"framerate": 20,
"frames": [
    [1, 1, 100, 100, 0, 0, 0],
    [1, 103, 100, 100, 0, 0, 0],
    [1, 205, 100, 100, 0, 0, 0],
    [1, 307, 100, 100, 0, 0, 0],
    [1, 409, 100, 100, 0, 0, 0],
    [103, 1, 100, 100, 0, 0, 0],
    [103, 103, 100, 100, 0, 0, 0],
    [103, 205, 100, 100, 0, 0, 0],
    [103, 307, 100, 100, 0, 0, 0],
    [103, 409, 100, 100, 0, 0, 0],
    [205, 1, 100, 100, 0, 0, 0],
    [205, 103, 100, 100, 0, 0, 0],
    [205, 205, 100, 100, 0, 0, 0],
    [205, 307, 100, 100, 0, 0, 0],
    [205, 409, 100, 100, 0, 0, 0],
    [307, 1, 100, 100, 0, 0, 0],
    [307, 103, 100, 100, 0, 0, 0],
    [307, 205, 100, 100, 0, 0, 0],
    [307, 307, 100, 100, 0, 0, 0],
    [307, 409, 100, 100, 0, 0, 0],
    [409, 1, 100, 100, 0, 0, 0],
    [409, 103, 100, 100, 0, 0, 0],
    [409, 205, 100, 100, 0, 0, 0],
    [409, 307, 100, 100, 0, 0, 0],
    [409, 409, 100, 100, 0, 0, 0],
    [511, 1, 100, 100, 0, 0, 0],
    [511, 103, 100, 100, 0, 0, 0],
    [511, 205, 100, 100, 0, 0, 0],
    [511, 307, 100, 100, 0, 0, 0],
    [511, 409, 100, 100, 0, 0, 0],
    [613, 1, 100, 100, 0, 0, 0],
    [613, 103, 100, 100, 0, 0, 0],
    [613, 205, 100, 100, 0, 0, 0],
    [613, 307, 100, 100, 0, 0, 0],
    [613, 409, 100, 100, 0, 0, 0],
    [715, 1, 100, 100, 0, 0, 0],
    [715, 103, 100, 100, 0, 0, 0],
    [715, 205, 100, 100, 0, 0, 0],
    [715, 307, 100, 100, 0, 0, 0],
    [715, 409, 100, 100, 0, 0, 0],
    [817, 1, 100, 100, 0, 0, 0],
    [817, 103, 100, 100, 0, 0, 0],
    [817, 205, 100, 100, 0, 0, 0],
    [817, 307, 100, 100, 0, 0, 0],
    [817, 409, 100, 100, 0, 0, 0],
    [919, 1, 100, 100, 0, 0, 0],
    [919, 103, 100, 100, 0, 0, 0],
    [919, 205, 100, 100, 0, 0, 0],
    [919, 307, 100, 100, 0, 0, 0],
    [919, 409, 100, 100, 0, 0, 0],
    [1021, 1, 100, 100, 0, 0, 0],
    [1021, 103, 100, 100, 0, 0, 0],
    [1021, 205, 100, 100, 0, 0, 0],
    [1021, 307, 100, 100, 0, 0, 0],
    [1021, 409, 100, 100, 0, 0, 0],
    [1123, 1, 100, 100, 0, 0, 0],
    [1123, 103, 100, 100, 0, 0, 0],
    [1123, 205, 100, 100, 0, 0, 0],
    [1123, 307, 100, 100, 0, 0, 0],
    [1123, 409, 100, 100, 0, 0, 0]
],

"animations": {
    "P_2_A": { "frames": [0] },
    "P_2_B": { "frames": [1] },
    "P_2_C": { "frames": [2] },
    "P_2_D": { "frames": [3] },
    "P_2_E": { "frames": [4] },
    "P_2_F": { "frames": [5] },
    "P_2_G": { "frames": [6] },
    "P_2_H": { "frames": [7] },
    "P_2_I": { "frames": [8] },
    "P_2_J": { "frames": [9] },
    "P_2_K": { "frames": [10] },
    "P_2_L": { "frames": [11] },
    "P_2_M": { "frames": [12] },
    "P_2_N": { "frames": [13] },
    "P_2_O": { "frames": [14] },
    "P_2_P": { "frames": [15] },
    "P_2_Q": { "frames": [16] },
    "P_2_R": { "frames": [17] },
    "P_2_S": { "frames": [18] },
    "P_2_T": { "frames": [19] },
    "P_2_U": { "frames": [20] },
    "P_2_V": { "frames": [21] },
    "P_2_W": { "frames": [22] },
    "P_2_X": { "frames": [23] },
    "P_2_Y": { "frames": [24] },
    "P_2_Z": { "frames": [25] },
    "P_2_Z_A": { "frames": [26] },
    "P_2_Z_B": { "frames": [27] },
    "P_2_Z_C": { "frames": [28] },
    "P_2_Z_D": { "frames": [29] },
    "P_2_Z_E": { "frames": [30] },
    "P_2_Z_F": { "frames": [31] },
    "P_2_Z_G": { "frames": [32] },
    "P_2_Z_H": { "frames": [33] },
    "P_2_Z_I": { "frames": [34] },
    "P_2_Z_J": { "frames": [35] },
    "P_2_Z_K": { "frames": [36] },
    "P_2_Z_L": { "frames": [37] },
    "P_2_Z_M": { "frames": [38] },
    "P_2_Z_N": { "frames": [39] },
    "P_2_Z_O": { "frames": [40] },
    "P_2_Z_P": { "frames": [41] },
    "P_2_Z_Q": { "frames": [42] },
    "P_2_Z_R": { "frames": [43] },
    "P_2_Z_S": { "frames": [44] },
    "P_2_Z_T": { "frames": [45] },
    "P_2_Z_U": { "frames": [46] },
    "P_2_Z_V": { "frames": [47] },
    "P_2_Z_W": { "frames": [48] },
    "P_2_Z_X": { "frames": [49] },
    "P_2_Z_Y": { "frames": [50] },
    "P_2_Z_Z": { "frames": [51] },
    "P_2_Z_Z_A": { "frames": [52] },
    "P_2_Z_Z_B": { "frames": [53] },
    "P_2_Z_Z_C": { "frames": [54] },
    "P_2_Z_Z_D": { "frames": [55] },
    "P_2_Z_Z_E": { "frames": [56] },
    "P_2_Z_Z_F": { "frames": [57] },
    "P_2_Z_Z_G": { "frames": [58] },
    "P_2_Z_Z_H": { "frames": [59] }
},

"texturepacker": [
        "SmartUpdateHash: $TexturePacker:SmartUpdate:0a679c1a0f11d421317fe68afa32c6d2:230ca3bc07620e558d2d488e115420cc:e44ed144a51fd15f60f6e6067e096191$",
        "Created with TexturePacker (https://www.codeandweb.com/texturepacker) for EaselJS"
]

}
