{

"images": [
    "/games/Africa/source/RES/P_3.png"
],

"framerate": 20,
"frames": [
    [1, 1, 100, 100, 0, 0, 0],
    [1, 103, 100, 100, 0, 0, 0],
    [1, 205, 100, 100, 0, 0, 0],
    [1, 307, 100, 100, 0, 0, 0],
    [1, 409, 100, 100, 0, 0, 0],
    [103, 1, 100, 100, 0, 0, 0],
    [103, 103, 100, 100, 0, 0, 0],
    [103, 205, 100, 100, 0, 0, 0],
    [103, 307, 100, 100, 0, 0, 0],
    [103, 409, 100, 100, 0, 0, 0],
    [205, 1, 100, 100, 0, 0, 0],
    [205, 103, 100, 100, 0, 0, 0],
    [205, 205, 100, 100, 0, 0, 0],
    [205, 307, 100, 100, 0, 0, 0],
    [205, 409, 100, 100, 0, 0, 0],
    [307, 1, 100, 100, 0, 0, 0],
    [307, 103, 100, 100, 0, 0, 0],
    [307, 205, 100, 100, 0, 0, 0],
    [307, 307, 100, 100, 0, 0, 0],
    [307, 409, 100, 100, 0, 0, 0],
    [409, 1, 100, 100, 0, 0, 0],
    [409, 103, 100, 100, 0, 0, 0],
    [409, 205, 100, 100, 0, 0, 0],
    [409, 307, 100, 100, 0, 0, 0],
    [409, 409, 100, 100, 0, 0, 0],
    [511, 1, 100, 100, 0, 0, 0],
    [511, 103, 100, 100, 0, 0, 0],
    [511, 205, 100, 100, 0, 0, 0],
    [511, 307, 100, 100, 0, 0, 0],
    [511, 409, 100, 100, 0, 0, 0],
    [613, 1, 100, 100, 0, 0, 0],
    [613, 103, 100, 100, 0, 0, 0],
    [613, 205, 100, 100, 0, 0, 0],
    [613, 307, 100, 100, 0, 0, 0],
    [613, 409, 100, 100, 0, 0, 0],
    [715, 1, 100, 100, 0, 0, 0],
    [715, 103, 100, 100, 0, 0, 0],
    [715, 205, 100, 100, 0, 0, 0],
    [715, 307, 100, 100, 0, 0, 0],
    [715, 409, 100, 100, 0, 0, 0],
    [817, 1, 100, 100, 0, 0, 0],
    [817, 103, 100, 100, 0, 0, 0],
    [817, 205, 100, 100, 0, 0, 0],
    [817, 307, 100, 100, 0, 0, 0],
    [817, 409, 100, 100, 0, 0, 0],
    [919, 1, 100, 100, 0, 0, 0],
    [919, 103, 100, 100, 0, 0, 0],
    [919, 205, 100, 100, 0, 0, 0],
    [919, 307, 100, 100, 0, 0, 0],
    [919, 409, 100, 100, 0, 0, 0],
    [1021, 1, 100, 100, 0, 0, 0],
    [1021, 103, 100, 100, 0, 0, 0],
    [1021, 205, 100, 100, 0, 0, 0],
    [1021, 307, 100, 100, 0, 0, 0],
    [1021, 409, 100, 100, 0, 0, 0],
    [1123, 1, 100, 100, 0, 0, 0],
    [1123, 103, 100, 100, 0, 0, 0],
    [1123, 205, 100, 100, 0, 0, 0],
    [1123, 307, 100, 100, 0, 0, 0],
    [1123, 409, 100, 100, 0, 0, 0]
],

"animations": {
    "P_3_A": { "frames": [0] },
    "P_3_B": { "frames": [1] },
    "P_3_C": { "frames": [2] },
    "P_3_D": { "frames": [3] },
    "P_3_E": { "frames": [4] },
    "P_3_F": { "frames": [5] },
    "P_3_G": { "frames": [6] },
    "P_3_H": { "frames": [7] },
    "P_3_I": { "frames": [8] },
    "P_3_J": { "frames": [9] },
    "P_3_K": { "frames": [10] },
    "P_3_L": { "frames": [11] },
    "P_3_M": { "frames": [12] },
    "P_3_N": { "frames": [13] },
    "P_3_O": { "frames": [14] },
    "P_3_P": { "frames": [15] },
    "P_3_Q": { "frames": [16] },
    "P_3_R": { "frames": [17] },
    "P_3_S": { "frames": [18] },
    "P_3_T": { "frames": [19] },
    "P_3_U": { "frames": [20] },
    "P_3_V": { "frames": [21] },
    "P_3_W": { "frames": [22] },
    "P_3_X": { "frames": [23] },
    "P_3_Y": { "frames": [24] },
    "P_3_Z": { "frames": [25] },
    "P_3_Z_A": { "frames": [26] },
    "P_3_Z_B": { "frames": [27] },
    "P_3_Z_C": { "frames": [28] },
    "P_3_Z_D": { "frames": [29] },
    "P_3_Z_E": { "frames": [30] },
    "P_3_Z_F": { "frames": [31] },
    "P_3_Z_G": { "frames": [32] },
    "P_3_Z_H": { "frames": [33] },
    "P_3_Z_I": { "frames": [34] },
    "P_3_Z_J": { "frames": [35] },
    "P_3_Z_K": { "frames": [36] },
    "P_3_Z_L": { "frames": [37] },
    "P_3_Z_M": { "frames": [38] },
    "P_3_Z_N": { "frames": [39] },
    "P_3_Z_O": { "frames": [40] },
    "P_3_Z_P": { "frames": [41] },
    "P_3_Z_Q": { "frames": [42] },
    "P_3_Z_R": { "frames": [43] },
    "P_3_Z_S": { "frames": [44] },
    "P_3_Z_T": { "frames": [45] },
    "P_3_Z_U": { "frames": [46] },
    "P_3_Z_V": { "frames": [47] },
    "P_3_Z_W": { "frames": [48] },
    "P_3_Z_X": { "frames": [49] },
    "P_3_Z_Y": { "frames": [50] },
    "P_3_Z_Z": { "frames": [51] },
    "P_3_Z_Z_A": { "frames": [52] },
    "P_3_Z_Z_B": { "frames": [53] },
    "P_3_Z_Z_C": { "frames": [54] },
    "P_3_Z_Z_D": { "frames": [55] },
    "P_3_Z_Z_E": { "frames": [56] },
    "P_3_Z_Z_F": { "frames": [57] },
    "P_3_Z_Z_G": { "frames": [58] },
    "P_3_Z_Z_H": { "frames": [59] }
},

"texturepacker": [
        "SmartUpdateHash: $TexturePacker:SmartUpdate:53bce9492b760fbe9ecfd9428430f687:19139a4cd9001d69249716e2c70e3b1d:0eaf7d1f32464656ecc6a2893bfca6aa$",
        "Created with TexturePacker (https://www.codeandweb.com/texturepacker) for EaselJS"
]

}
