{

"images": [
    "/games/Africa/source/RES/P_4.png"
],

"framerate": 30,
"frames": [
    [1, 1, 100, 100, 0, 0, 0],
    [1, 103, 100, 100, 0, 0, 0],
    [1, 205, 100, 100, 0, 0, 0],
    [1, 307, 100, 100, 0, 0, 0],
    [1, 409, 100, 100, 0, 0, 0],
    [103, 1, 100, 100, 0, 0, 0],
    [103, 103, 100, 100, 0, 0, 0],
    [103, 205, 100, 100, 0, 0, 0],
    [103, 307, 100, 100, 0, 0, 0],
    [103, 409, 100, 100, 0, 0, 0],
    [205, 1, 100, 100, 0, 0, 0],
    [205, 103, 100, 100, 0, 0, 0],
    [205, 205, 100, 100, 0, 0, 0],
    [205, 307, 100, 100, 0, 0, 0],
    [205, 409, 100, 100, 0, 0, 0],
    [307, 1, 100, 100, 0, 0, 0],
    [307, 103, 100, 100, 0, 0, 0],
    [307, 205, 100, 100, 0, 0, 0],
    [307, 307, 100, 100, 0, 0, 0],
    [307, 409, 100, 100, 0, 0, 0],
    [409, 1, 100, 100, 0, 0, 0],
    [409, 103, 100, 100, 0, 0, 0],
    [409, 205, 100, 100, 0, 0, 0],
    [409, 307, 100, 100, 0, 0, 0],
    [409, 409, 100, 100, 0, 0, 0],
    [511, 1, 100, 100, 0, 0, 0],
    [511, 103, 100, 100, 0, 0, 0],
    [511, 205, 100, 100, 0, 0, 0],
    [511, 307, 100, 100, 0, 0, 0],
    [511, 409, 100, 100, 0, 0, 0],
    [613, 1, 100, 100, 0, 0, 0],
    [613, 103, 100, 100, 0, 0, 0],
    [613, 205, 100, 100, 0, 0, 0],
    [613, 307, 100, 100, 0, 0, 0],
    [613, 409, 100, 100, 0, 0, 0],
    [715, 1, 100, 100, 0, 0, 0],
    [715, 103, 100, 100, 0, 0, 0],
    [715, 205, 100, 100, 0, 0, 0],
    [715, 307, 100, 100, 0, 0, 0],
    [715, 409, 100, 100, 0, 0, 0],
    [817, 1, 100, 100, 0, 0, 0],
    [817, 103, 100, 100, 0, 0, 0],
    [817, 205, 100, 100, 0, 0, 0],
    [817, 307, 100, 100, 0, 0, 0],
    [817, 409, 100, 100, 0, 0, 0],
    [919, 1, 100, 100, 0, 0, 0],
    [919, 103, 100, 100, 0, 0, 0],
    [919, 205, 100, 100, 0, 0, 0],
    [919, 307, 100, 100, 0, 0, 0],
    [919, 409, 100, 100, 0, 0, 0],
    [1021, 1, 100, 100, 0, 0, 0],
    [1021, 103, 100, 100, 0, 0, 0],
    [1021, 205, 100, 100, 0, 0, 0],
    [1021, 307, 100, 100, 0, 0, 0],
    [1021, 409, 100, 100, 0, 0, 0],
    [1123, 1, 100, 100, 0, 0, 0],
    [1123, 103, 100, 100, 0, 0, 0],
    [1123, 205, 100, 100, 0, 0, 0],
    [1123, 307, 100, 100, 0, 0, 0],
    [1123, 409, 100, 100, 0, 0, 0],
    [1225, 1, 100, 100, 0, 0, 0],
    [1225, 103, 100, 100, 0, 0, 0],
    [1225, 205, 100, 100, 0, 0, 0],
    [1225, 307, 100, 100, 0, 0, 0],
    [1225, 409, 100, 100, 0, 0, 0],
    [1327, 1, 100, 100, 0, 0, 0],
    [1327, 103, 100, 100, 0, 0, 0],
    [1327, 205, 100, 100, 0, 0, 0],
    [1327, 307, 100, 100, 0, 0, 0],
    [1327, 409, 100, 100, 0, 0, 0],
    [1429, 1, 100, 100, 0, 0, 0],
    [1429, 103, 100, 100, 0, 0, 0],
    [1429, 205, 100, 100, 0, 0, 0],
    [1429, 307, 100, 100, 0, 0, 0],
    [1429, 409, 100, 100, 0, 0, 0],
    [1531, 1, 100, 100, 0, 0, 0],
    [1531, 103, 100, 100, 0, 0, 0],
    [1531, 205, 100, 100, 0, 0, 0],
    [1531, 307, 100, 100, 0, 0, 0],
    [1531, 409, 100, 100, 0, 0, 0]
],

"animations": {
    "P_4_A": { "frames": [0] },
    "P_4_B": { "frames": [1] },
    "P_4_C": { "frames": [2] },
    "P_4_D": { "frames": [3] },
    "P_4_E": { "frames": [4] },
    "P_4_F": { "frames": [5] },
    "P_4_G": { "frames": [6] },
    "P_4_H": { "frames": [7] },
    "P_4_I": { "frames": [8] },
    "P_4_J": { "frames": [9] },
    "P_4_K": { "frames": [10] },
    "P_4_L": { "frames": [11] },
    "P_4_M": { "frames": [12] },
    "P_4_N": { "frames": [13] },
    "P_4_O": { "frames": [14] },
    "P_4_P": { "frames": [15] },
    "P_4_Q": { "frames": [16] },
    "P_4_R": { "frames": [17] },
    "P_4_S": { "frames": [18] },
    "P_4_T": { "frames": [19] },
    "P_4_U": { "frames": [20] },
    "P_4_V": { "frames": [21] },
    "P_4_W": { "frames": [22] },
    "P_4_X": { "frames": [23] },
    "P_4_Y": { "frames": [24] },
    "P_4_Z": { "frames": [25] },
    "P_4_Z_A": { "frames": [26] },
    "P_4_Z_B": { "frames": [27] },
    "P_4_Z_C": { "frames": [28] },
    "P_4_Z_D": { "frames": [29] },
    "P_4_Z_E": { "frames": [30] },
    "P_4_Z_F": { "frames": [31] },
    "P_4_Z_G": { "frames": [32] },
    "P_4_Z_H": { "frames": [33] },
    "P_4_Z_I": { "frames": [34] },
    "P_4_Z_J": { "frames": [35] },
    "P_4_Z_K": { "frames": [36] },
    "P_4_Z_L": { "frames": [37] },
    "P_4_Z_M": { "frames": [38] },
    "P_4_Z_N": { "frames": [39] },
    "P_4_Z_O": { "frames": [40] },
    "P_4_Z_P": { "frames": [41] },
    "P_4_Z_Q": { "frames": [42] },
    "P_4_Z_R": { "frames": [43] },
    "P_4_Z_S": { "frames": [44] },
    "P_4_Z_T": { "frames": [45] },
    "P_4_Z_U": { "frames": [46] },
    "P_4_Z_V": { "frames": [47] },
    "P_4_Z_W": { "frames": [48] },
    "P_4_Z_X": { "frames": [49] },
    "P_4_Z_Y": { "frames": [50] },
    "P_4_Z_Z": { "frames": [51] },
    "P_4_Z_Z_A": { "frames": [52] },
    "P_4_Z_Z_B": { "frames": [53] },
    "P_4_Z_Z_C": { "frames": [54] },
    "P_4_Z_Z_D": { "frames": [55] },
    "P_4_Z_Z_E": { "frames": [56] },
    "P_4_Z_Z_F": { "frames": [57] },
    "P_4_Z_Z_G": { "frames": [58] },
    "P_4_Z_Z_H": { "frames": [59] },
    "P_4_Z_Z_I": { "frames": [60] },
    "P_4_Z_Z_J": { "frames": [61] },
    "P_4_Z_Z_K": { "frames": [62] },
    "P_4_Z_Z_L": { "frames": [63] },
    "P_4_Z_Z_M": { "frames": [64] },
    "P_4_Z_Z_N": { "frames": [65] },
    "P_4_Z_Z_O": { "frames": [66] },
    "P_4_Z_Z_P": { "frames": [67] },
    "P_4_Z_Z_Q": { "frames": [68] },
    "P_4_Z_Z_R": { "frames": [69] },
    "P_4_Z_Z_S": { "frames": [70] },
    "P_4_Z_Z_T": { "frames": [71] },
    "P_4_Z_Z_U": { "frames": [72] },
    "P_4_Z_Z_V": { "frames": [73] },
    "P_4_Z_Z_W": { "frames": [74] },
    "P_4_Z_Z_X": { "frames": [75] },
    "P_4_Z_Z_Y": { "frames": [76] },
    "P_4_Z_Z_Z": { "frames": [77] },
    "P_4_Z_Z_Z_A": { "frames": [78] },
    "P_4_Z_Z_Z_B": { "frames": [79] }
},

"texturepacker": [
        "SmartUpdateHash: $TexturePacker:SmartUpdate:3c94e1244e4d39ae23859a41154dbcc7:fe1debc907cd50b361976b895bc31e4e:ea6e1a747942f484354e21ce43959286$",
        "Created with TexturePacker (https://www.codeandweb.com/texturepacker) for EaselJS"
]

}
