{

"images": [
    "/games/Africa/source/RES/P_6.png"
],

"framerate": 20,
"frames": [
    [1, 1, 100, 100, 0, 0, 0],
    [1, 103, 100, 100, 0, 0, 0],
    [1, 205, 100, 100, 0, 0, 0],
    [1, 307, 100, 100, 0, 0, 0],
    [1, 409, 100, 100, 0, 0, 0],
    [103, 1, 100, 100, 0, 0, 0],
    [103, 103, 100, 100, 0, 0, 0],
    [103, 205, 100, 100, 0, 0, 0],
    [103, 307, 100, 100, 0, 0, 0],
    [103, 409, 100, 100, 0, 0, 0],
    [205, 1, 100, 100, 0, 0, 0],
    [205, 103, 100, 100, 0, 0, 0],
    [205, 205, 100, 100, 0, 0, 0],
    [205, 307, 100, 100, 0, 0, 0],
    [205, 409, 100, 100, 0, 0, 0],
    [307, 1, 100, 100, 0, 0, 0],
    [307, 103, 100, 100, 0, 0, 0],
    [307, 205, 100, 100, 0, 0, 0],
    [307, 307, 100, 100, 0, 0, 0],
    [307, 409, 100, 100, 0, 0, 0],
    [409, 1, 100, 100, 0, 0, 0],
    [409, 103, 100, 100, 0, 0, 0],
    [409, 205, 100, 100, 0, 0, 0],
    [409, 307, 100, 100, 0, 0, 0],
    [409, 409, 100, 100, 0, 0, 0],
    [511, 1, 100, 100, 0, 0, 0],
    [511, 103, 100, 100, 0, 0, 0],
    [511, 205, 100, 100, 0, 0, 0],
    [511, 307, 100, 100, 0, 0, 0],
    [511, 409, 100, 100, 0, 0, 0],
    [613, 1, 100, 100, 0, 0, 0],
    [715, 1, 100, 100, 0, 0, 0],
    [817, 1, 100, 100, 0, 0, 0],
    [919, 1, 100, 100, 0, 0, 0],
    [613, 103, 100, 100, 0, 0, 0],
    [613, 205, 100, 100, 0, 0, 0],
    [613, 307, 100, 100, 0, 0, 0],
    [613, 409, 100, 100, 0, 0, 0],
    [715, 103, 100, 100, 0, 0, 0],
    [817, 103, 100, 100, 0, 0, 0],
    [919, 103, 100, 100, 0, 0, 0],
    [715, 205, 100, 100, 0, 0, 0],
    [715, 307, 100, 100, 0, 0, 0],
    [715, 409, 100, 100, 0, 0, 0],
    [817, 205, 100, 100, 0, 0, 0],
    [919, 205, 100, 100, 0, 0, 0],
    [817, 307, 100, 100, 0, 0, 0]
],

"animations": {
    "P_6_A": { "frames": [0] },
    "P_6_B": { "frames": [1] },
    "P_6_C": { "frames": [2] },
    "P_6_D": { "frames": [3] },
    "P_6_E": { "frames": [4] },
    "P_6_F": { "frames": [5] },
    "P_6_G": { "frames": [6] },
    "P_6_H": { "frames": [7] },
    "P_6_I": { "frames": [8] },
    "P_6_J": { "frames": [9] },
    "P_6_K": { "frames": [10] },
    "P_6_L": { "frames": [11] },
    "P_6_M": { "frames": [12] },
    "P_6_N": { "frames": [13] },
    "P_6_O": { "frames": [14] },
    "P_6_P": { "frames": [15] },
    "P_6_Q": { "frames": [16] },
    "P_6_R": { "frames": [17] },
    "P_6_S": { "frames": [18] },
    "P_6_T": { "frames": [19] },
    "P_6_U": { "frames": [20] },
    "P_6_V": { "frames": [21] },
    "P_6_W": { "frames": [22] },
    "P_6_X": { "frames": [23] },
    "P_6_Y": { "frames": [24] },
    "P_6_Z": { "frames": [25] },
    "P_6_Z_A": { "frames": [26] },
    "P_6_Z_B": { "frames": [27] },
    "P_6_Z_C": { "frames": [28] },
    "P_6_Z_D": { "frames": [29] },
    "P_6_Z_E": { "frames": [30] },
    "P_6_Z_F": { "frames": [31] },
    "P_6_Z_G": { "frames": [32] },
    "P_6_Z_H": { "frames": [33] },
    "P_6_Z_I": { "frames": [34] },
    "P_6_Z_J": { "frames": [35] },
    "P_6_Z_K": { "frames": [36] },
    "P_6_Z_L": { "frames": [37] },
    "P_6_Z_M": { "frames": [38] },
    "P_6_Z_N": { "frames": [39] },
    "P_6_Z_O": { "frames": [40] },
    "P_6_Z_P": { "frames": [41] },
    "P_6_Z_Q": { "frames": [42] },
    "P_6_Z_R": { "frames": [43] },
    "P_6_Z_S": { "frames": [44] },
    "P_6_Z_T": { "frames": [45] },
    "P_6_Z_U": { "frames": [46] }
},

"texturepacker": [
        "SmartUpdateHash: $TexturePacker:SmartUpdate:72cf96b6850685a0eaf062c34562d5e5:346355181dd76bc46bda7375280ac7ea:794195ce455fe6eb67f52254bcbaf51c$",
        "Created with TexturePacker (https://www.codeandweb.com/texturepacker) for EaselJS"
]

}
