{

"images": [
    "/games/Africa/source/RES/UI.png"
],

"framerate": 0,
"frames": [
    [1, 1, 751, 630, 0, 0, 0],
    [1, 633, 590, 238, 0, -23, -22],
    [754, 1, 100, 95, 0, 0, 0],
    [1, 873, 100, 95, 0, 0, 0],
    [593, 633, 100, 95, 0, 0, 0],
    [754, 98, 99, 95, 0, 0, 0],
    [856, 1, 99, 95, 0, 0, 0],
    [103, 873, 99, 95, 0, 0, 0],
    [593, 730, 98, 93, 0, -1, 0],
    [754, 195, 96, 92, 0, -2, -1],
    [855, 98, 60, 94, 0, 0, 0],
    [204, 873, 60, 94, 0, 0, 0],
    [754, 289, 60, 94, 0, 0, 0],
    [266, 873, 59, 93, 0, -1, -1],
    [754, 385, 59, 93, 0, -1, -1],
    [327, 873, 59, 93, 0, 0, 0],
    [754, 480, 59, 93, 0, 0, 0],
    [388, 873, 59, 93, 0, 0, 0],
    [449, 873, 59, 93, 0, 0, 0],
    [510, 873, 59, 93, 0, 0, 0],
    [695, 633, 58, 93, 0, -1, -1],
    [917, 98, 58, 93, 0, -1, -1],
    [816, 289, 58, 93, 0, 0, 0],
    [852, 195, 59, 92, 0, 0, 0],
    [876, 289, 58, 93, 0, 0, 0],
    [913, 194, 58, 93, 0, 0, 0],
    [571, 873, 58, 93, 0, 0, 0],
    [631, 825, 59, 92, 0, 0, 0],
    [631, 919, 58, 93, 0, 0, 0],
    [691, 919, 58, 93, 0, 0, 0],
    [692, 825, 59, 92, 0, 0, 0],
    [693, 730, 58, 93, 0, 0, 0],
    [751, 919, 58, 93, 0, 0, 0],
    [755, 575, 58, 93, 0, 0, 0],
    [755, 670, 58, 92, 0, 0, 0],
    [753, 764, 58, 93, 0, 0, 0],
    [813, 764, 58, 93, 0, -1, -1],
    [815, 385, 58, 93, 0, -1, -1],
    [815, 480, 58, 92, 0, 0, 0],
    [815, 574, 58, 92, 0, 0, 0],
    [815, 668, 58, 92, 0, 0, 0],
    [875, 384, 57, 90, 0, -1, -1],
    [875, 476, 57, 90, 0, 0, -1],
    [875, 568, 56, 90, 0, -1, -1],
    [875, 660, 57, 89, 0, -1, -1],
    [873, 762, 55, 89, 0, -3, -2],
    [811, 859, 57, 89, 0, 0, -1],
    [870, 859, 57, 89, 0, 0, -1],
    [929, 853, 55, 88, 0, -3, -3],
    [930, 751, 55, 88, 0, -3, -3],
    [957, 1, 25, 22, 0, 0, 0],
    [593, 825, 25, 22, 0, 0, 0],
    [593, 849, 25, 22, 0, 0, 0],
    [1, 970, 25, 22, 0, 0, 0],
    [753, 859, 25, 22, 0, 0, 0]
],

"animations": {
    "MENU": { "frames": [0] },
    "JACK_WND": { "frames": [1] },
    "btn_spin_A": { "frames": [2] },
    "btn_spin_B": { "frames": [3] },
    "btn_spin_D": { "frames": [4] },
    "btn_auto_A": { "frames": [5] },
    "btn_auto_B": { "frames": [6] },
    "btn_auto_D": { "frames": [7] },
    "btn_auto_C": { "frames": [8] },
    "btn_spin_C": { "frames": [9] },
    "btn_collect_B": { "frames": [10] },
    "btn_info_B": { "frames": [11] },
    "btn_select_B": { "frames": [12] },
    "btn_collect_A": { "frames": [13] },
    "btn_collect_D": { "frames": [14] },
    "btn_line_1_A": { "frames": [15] },
    "btn_line_1_D": { "frames": [16] },
    "btn_line_5_A": { "frames": [17] },
    "btn_line_5_B": { "frames": [18] },
    "btn_line_5_D": { "frames": [19] },
    "btn_info_A": { "frames": [20] },
    "btn_info_D": { "frames": [21] },
    "btn_line_1_B": { "frames": [22] },
    "btn_bet_A": { "frames": [23] },
    "btn_line_3_A": { "frames": [24] },
    "btn_line_3_B": { "frames": [25] },
    "btn_line_3_D": { "frames": [26] },
    "btn_bet_B": { "frames": [27] },
    "btn_line_7_A": { "frames": [28] },
    "btn_line_7_B": { "frames": [29] },
    "btn_bet_D": { "frames": [30] },
    "btn_line_7_D": { "frames": [31] },
    "btn_line_9_A": { "frames": [32] },
    "btn_line_9_B": { "frames": [33] },
    "btn_line_1_C": { "frames": [34] },
    "btn_line_9_D": { "frames": [35] },
    "btn_select_A": { "frames": [36] },
    "btn_select_D": { "frames": [37] },
    "btn_maxbet_A": { "frames": [38] },
    "btn_maxbet_B": { "frames": [39] },
    "btn_maxbet_D": { "frames": [40] },
    "btn_bet_C": { "frames": [41] },
    "btn_maxbet_C": { "frames": [42] },
    "btn_line_3_C": { "frames": [43] },
    "btn_line_5_C": { "frames": [44] },
    "btn_collect_C": { "frames": [45] },
    "btn_line_7_C": { "frames": [46] },
    "btn_line_9_C": { "frames": [47] },
    "btn_info_C": { "frames": [48] },
    "btn_select_C": { "frames": [49] },
    "CLOSE": { "frames": [50] },
    "FULL_OFF": { "frames": [51] },
    "FULL_ON": { "frames": [52] },
    "SOUND_OFF": { "frames": [53] },
    "SOUND_ON": { "frames": [54] }
},

"texturepacker": [
        "SmartUpdateHash: $TexturePacker:SmartUpdate:1e55b24f89fe3b40b379b02c3e695c8e:a62bcee41847ef51917b21050d655358:4b774b923918ecd961888279dba3ffad$",
        "Created with TexturePacker (https://www.codeandweb.com/texturepacker) for EaselJS"
]

}
